[{
    "iconUrl": "https://www.google.com/s2/favicons?domain=faselhd.io&sz=%size%",
    "apiVersion": 1,
    "repositoryUrl": "https://github.com/aymanbest/Arabico",
    "fileSize": 16194,
    "status": 1,
    "language": "ar",
    "authors": [
        "kingslayer_007"
    ],
    "tvTypes": [
        "TvSeries",
        "Movie",
        "Anime",
        "AsianDrama"
    ],
    "version": 16,
    "internalName": "FaselHDProvider",
    "url": "https://github.com/aymanbest/Arabico/raw/main/build/FaselHDProvider.cs3",
    "name": "FaselHDProvider"
},
{
    "iconUrl": "https://www.google.com/s2/favicons?domain=wecima.tube&sz=%size%",
    "apiVersion": 1,
    "repositoryUrl": "https://github.com/aymanbest/Arabico",
    "fileSize": 19538,
    "status": 1,
    "language": "ar",
    "authors": [
        "kingslayer_007"
    ],
    "tvTypes": [
        "TvSeries",
        "Movie",
        "Anime"
    ],
    "version": 12,
    "internalName": "MyCimaProvider",
    "url": "https://github.com/aymanbest/Arabico/raw/main/build/MyCimaProvider.cs3",
    "name": "MyCimaProvider"
},
{
    "iconUrl": "https://www.google.com/s2/favicons?domain=https://fajer.show&sz=%size%",
    "apiVersion": 1,
    "repositoryUrl": "https://github.com/aymanbest/Arabico",
    "fileSize": 16939,
    "status": 1,
    "language": "ar",
    "authors": [
        "kingslayer_007"
    ],
    "tvTypes": [
        "TvSeries",
        "Movie"
    ],
    "version": 7,
    "internalName": "FajerShowProvider",
    "url": "https://github.com/aymanbest/Arabico/raw/main/build/FajerShowProvider.cs3",
    "name": "FajerShowProvider"
},
{
    "iconUrl": "https://www.google.com/s2/favicons?domain=animeiat.tv&sz=%size%",
    "apiVersion": 1,
    "repositoryUrl": "https://github.com/yoyzo/arab",
    "fileSize": 20624,
    "status": 1,
    "language": "ar",
    "authors": [
        "ImZaw"
    ],
    "tvTypes": [
        "Anime"
    ],
    "version": 5,
    "internalName": "AnimeiatProvider",
    "url": "https://github.com/aymanbest/Arabico/raw/main/build/AnimeiatProvider.cs3",
    "name": "AnimeiatProvider"
},
{
    "iconUrl": "https://www.google.com/s2/favicons?domain=arabseed.ink&sz=%size%",
    "apiVersion": 1,
    "repositoryUrl": "https://github.com/aymanbest/Arabico",
    "fileSize": 16392,
    "status": 1,
    "language": "ar",
    "authors": [
        "kingslayer_007"
    ],
    "tvTypes": [
        "TvSeries",
        "Movie"
    ],
    "version": 13,
    "internalName": "ArabSeedProvider",
    "url": "https://github.com/aymanbest/Arabico/raw/main/build/ArabSeedProvider.cs3",
    "name": "ArabSeedProvider"
},
{
    "iconUrl": "https://www.google.com/s2/favicons?domain=animeblkom.net&sz=%size%",
    "apiVersion": 1,
    "repositoryUrl": "https://github.com/aymanbest/Arabico",
    "fileSize": 13332,
    "status": 1,
    "language": "ar",
    "authors": [
        "kingslayer_007"
    ],
    "tvTypes": [
        "Anime",
        "AnimeMovie",
        "OVA"
    ],
    "version": 5,
    "internalName": "AnimeBlkomProvider",
    "url": "https://github.com/aymanbest/Arabico/raw/main/build/AnimeBlkomProvider.cs3",
    "name": "AnimeBlkomProvider"
},
{
    "iconUrl": "https://www.google.com/s2/favicons?domain=shoffree.top&sz=%size%",
    "apiVersion": 1,
    "repositoryUrl": "https://github.com/aymanbest/Arabico",
    "fileSize": 16939,
    "status": 1,
    "language": "ar",
    "authors": [
        "KingSlayer_007"
    ],
    "tvTypes": [
        "TvSeries",
        "Movie"
    ],
    "version": 3,
    "internalName": "ShoffreeProvider",
    "url": "https://github.com/aymanbest/Arabico/raw/main/build/ShoffreeProvider.cs3",
    "name": "ShoffreeProvider"
},
    {
        "iconUrl": "https://www.google.com/s2/favicons?domain=streamsaga.online&sz=%size%",
        "apiVersion": 1,
        "repositoryUrl": "https://github.com/aymanbest/Arabico",
        "fileSize": 13531,
        "status": 1,
        "language": "ar",
        "authors": [
            "KingSlayer_007"
        ],
        "tvTypes": [
            "TvSeries",
            "Movie"
        ],
        "version": 7,
        "internalName": "SagaProvider",
        "url": "https://github.com/aymanbest/Arabico/raw/main/build/SagaProvider.cs3",
        "name": "SagaProvider"
    },
    {
        "iconUrl": "https://www.google.com/s2/favicons?domain=ww.tuktukcima.com&sz=%size%",
        "apiVersion": 1,
        "repositoryUrl": "https://github.com/aymanbest/Arabico",
        "fileSize": 13531,
        "status": 1,
        "language": "ar",
        "authors": [
            "KingSlayer_007"
        ],
        "tvTypes": [
            "TvSeries",
            "Movie"
        ],
        "version": 6,
        "internalName": "ToktokProvider",
        "url": "https://github.com/aymanbest/Arabico/raw/main/build/Toktok.cs3",
        "name": "ToktokProvider"
    },
    {
        "iconUrl": "https://www.google.com/s2/favicons?domain=o77.shop&sz=%size%",
        "apiVersion": 1,
        "repositoryUrl": "https://github.com/aymanbest/Arabico",
        "fileSize": 13531,
        "status": 1,
        "language": "ar",
        "authors": [
            "KingSlayer_007"
        ],
        "tvTypes": [
            "TvSeries",
            "Movie"
        ],
        "version": 6,
        "internalName": "Cima4uProvider",
        "url": "https://github.com/aymanbest/Arabico/raw/main/build/Cima4u.cs3",
        "name": "Cima4uProvider"
    },
    {
        "iconUrl": "https://www.google.com/s2/favicons?domain=arlionztv.click&sz=%size%",
        "apiVersion": 1,
        "repositoryUrl": "https://github.com/aymanbest/Arabico",
        "fileSize": 13531,
        "status": 1,
        "language": "ar",
        "authors": [
            "KingSlayer_007"
        ],
        "tvTypes": [
            "TvSeries",
            "Movie"
        ],
        "version": 1,
        "internalName": "ArabLionzProvider",
        "url": "https://github.com/aymanbest/Arabico/raw/main/build/ArabLionz.cs3",
        "name": "ArabLionzProvider"
    },
    {
        "iconUrl": "https://www.google.com/s2/favicons?domain=anime4up.tv&sz=%size%",
        "apiVersion": 1,
        "repositoryUrl": "https://github.com/aymanbest/Arabico",
        "fileSize": 15389,
        "status": 1,
        "language": "ar",
        "authors": [
            "KingSlayer_007"
        ],
        "tvTypes": [
            "Anime",
            "AnimeMovie",
            "Others"
        ],
        "version": 6,
        "internalName": "Anime4upPack",
        "description": "This pack contains Anime4up and Witanime Both Revamped by KingSlayer_007",
        "url": "https://github.com/aymanbest/Arabico/raw/main/build/Anime4upPack.cs3",
        "name": "Anime4upPack"
    },
    {
        "iconUrl": "https://i.ibb.co/0VTHBBL/Design-sans-titre.jpg",
        "apiVersion": 1,
        "repositoryUrl": "https://github.com/aymanbest/Arabico",
        "fileSize": 15379,
        "status": 1,
        "language": "ar",
        "authors": [
            "KingSlayer_007"
        ],
        "tvTypes": [
            "Live"
        ],
        "version": 4,
        "internalName": "TvLive",
        "description": "Sport Live Stream Filtered NSFW 'SO HALAL MODE'",
        "url": "https://github.com/aymanbest/Arabico/raw/main/build/Dlhd.cs3",
        "name": "TvLive"
    },
    {
        "iconUrl": "https://www.google.com/s2/favicons?domain=tv.egydead.live&sz=%size%",
        "apiVersion": 1,
        "repositoryUrl": "https://github.com/aymanbest/Arabico",
        "fileSize": 13531,
        "status": 1,
        "language": "ar",
        "authors": [
            "KingSlayer_007"
        ],
        "tvTypes": [
            "TvSeries",
            "Movie",
            "Anime"
        ],
        "version": 4,
        "internalName": "EgyDeadProvider",
        "url": "https://github.com/aymanbest/Arabico/raw/main/build/EgyDeadProvider.cs3",
        "name": "EgyDeadProvider"
    },
    {
        "iconUrl": "https://www.google.com/s2/favicons?domain=3isk.biz&sz=%size%",
        "apiVersion": 1,
        "repositoryUrl": "https://github.com/aymanbest/Arabico",
        "fileSize": 13531,
        "status": 1,
        "language": "ar",
        "authors": [
            "KingSlayer_007"
        ],
        "tvTypes": [
            "TvSeries",
            "Movie"
        ],
        "version": 1,
        "internalName": "3isk",
        "url": "https://github.com/aymanbest/Arabico/raw/main/build/3isk.cs3",
        "name": "3isk"
    },
    {
        "iconUrl": "https://www.google.com/s2/favicons?domain=asia2tv.com&sz=%size%",
        "apiVersion": 1,
        "repositoryUrl": "https://github.com/aymanbest/Arabico",
        "fileSize": 13531,
        "status": 1,
        "language": "ar",
        "authors": [
            "KingSlayer_007"
        ],
        "tvTypes": [
            "TvSeries",
            "Movie"
        ],
        "version": 1,
        "internalName": "asian2tv",
        "url": "https://github.com/aymanbest/Arabico/raw/main/build/asian2tv.cs3",
        "name": "asian2tv"
    },
    {
        "iconUrl": "https://www.google.com/s2/favicons?domain=3isk.biz&sz=%size%",
        "apiVersion": 1,
        "repositoryUrl": "https://github.com/aymanbest/Arabico",
        "fileSize": 13531,
        "status": 1,
        "language": "ar",
        "authors": [
            "KingSlayer_007"
        ],
        "tvTypes": [
            "TvSeries",
            "Movie"
        ],
        "version": 1,
        "internalName": "3isk v2",
        "description": "New 3isk Site this one has 1080p quality and maybe this is the Real Site",
        "url": "https://github.com/aymanbest/Arabico/raw/main/build/3isk_2.cs3",
        "name": "3isk v2"
    },
    {
        "iconUrl": "https://www.google.com/s2/favicons?domain=cimanow.cc&sz=%size%",
        "apiVersion": 1,
        "repositoryUrl": "https://github.com/aymanbest/Arabico",
        "fileSize": 13531,
        "status": 1,
        "language": "ar",
        "authors": [
            "KingSlayer_007"
        ],
        "tvTypes": [
            "TvSeries",
            "Movie"
        ],
        "version": 8,
        "internalName": "CimaNowProvider",
        "description": "This site Load Slowly please be patient \n هذا الموقع يحمل بطء، يرجى أن تكون صبورًا.",
        "url": "https://github.com/aymanbest/Arabico/raw/main/build/CimaNowProvider.cs3",
        "name": "CimaNowProvider"
    },
    {
        "iconUrl": "https://www.google.com/s2/favicons?domain=https://www.btolat.com&sz=%size%",
        "apiVersion": 1,
        "repositoryUrl": "https://github.com/aymanbest/Arabico",
        "fileSize": 16939,
        "status": 1,
        "language": "ar",
        "authors": [
            "kingslayer_007"
        ],
        "tvTypes": [
            "Others"
        ],
        "version": 1,
        "internalName": "Btolat",
        "url": "https://github.com/aymanbest/Arabico/raw/main/build/btolat.cs3",
        "name": "Btolat"
    },
    {
        "iconUrl": "https://i.ibb.co/ygGWcC0/oha-letter-logo-design-on-black-background-oha-creative-initials-letter-logo-concept-oha-letter-desi.jpg",
        "apiVersion": 1,
        "repositoryUrl": "https://github.com/aymanbest/Arabico",
        "fileSize": 15379,
        "status": 1,
        "language": "ar",
        "authors": [
            "kingslayer_007"
        ],
        "tvTypes": [
            "Live"
        ],
        "version": 1,
        "internalName": "Ohatv",
        "url": "https://github.com/aymanbest/Arabico/raw/main/build/ohatv.cs3",
        "name": "Ohatv"
    },
    {
        "iconUrl": "https://www.google.com/s2/favicons?domain=https://3kora.syrialive.online&sz=%size%",
        "apiVersion": 1,
        "repositoryUrl": "https://github.com/aymanbest/Arabico",
        "fileSize": 15379,
        "status": 1,
        "language": "ar",
        "authors": [
            "kingslayer_007"
        ],
        "tvTypes": [
            "Live"
        ],
        "version": 4,
        "internalName": "Syrialive",
        "url": "https://github.com/aymanbest/Arabico/raw/main/build/syriatv.cs3",
        "name": "Syrialive"
    },
    {
        "iconUrl": "https://www.google.com/s2/favicons?domain=https://cooolman.store&sz=%size%",
        "apiVersion": 1,
        "repositoryUrl": "https://github.com/aymanbest/Arabico",
        "fileSize": 16939,
        "status": 1,
        "language": "ar",
        "authors": [
            "kingslayer_007"
        ],
        "tvTypes": [
            "TvSeries",
            "Movie",
            "Anime"
        ],
        "version": 7,
        "internalName": "CoolCima",
        "url": "https://github.com/aymanbest/Arabico/raw/main/build/coolcima.cs3",
        "name": "CoolCima"
    },
    {
        "iconUrl": "https://www.google.com/s2/favicons?domain=https://www.braflix.app&sz=%size%",
        "apiVersion": 1,
        "repositoryUrl": "https://github.com/aymanbest/Arabico",
        "fileSize": 16939,
        "status": 1,
        "language": "ar",
        "authors": [
            "kingslayer_007"
        ],
        "tvTypes": [
            "TvSeries",
            "Movie"
        ],
        "version": 8,
        "internalName": "Braflix",
        "url": "https://github.com/aymanbest/Arabico/raw/main/build/braflix.cs3",
        "name": "Braflix"
    },
    {
        "iconUrl": "https://www.google.com/s2/favicons?domain=https://cinema.365ar.show&sz=%size%",
        "apiVersion": 1,
        "repositoryUrl": "https://github.com/aymanbest/Arabico",
        "fileSize": 16939,
        "status": 1,
        "language": "ar",
        "authors": [
            "kingslayer_007"
        ],
        "tvTypes": [
            "TvSeries",
            "Movie",
            "Anime"
        ],
        "version": 5,
        "internalName": "365 SHOW",
        "url": "https://github.com/aymanbest/Arabico/raw/main/build/365.cs3",
        "name": "365 SHOW"
    }
]
